,variant_id,gene_symbol,acmg_categories
87,ap4m1:p.C319R,AP4M1,"pm2, pp1, pp2"
88,ap4m1:p.E193K,AP4M1,"ps4m, pm2, pp2, ppc"
89,ap4m1:p.G63G,AP4M1,"pm2, ppc_het, bp7"
90,ap4m1:p.R306X,AP4M1,"pvs1, pm2, pp1"
91,ap4m1:p.R318X,AP4M1,"pvs1, pm2, pp1, ppc, ppc_homo"
92,ap4m1:p.R338X,AP4M1,"pvs1, pm2, pp1, ppc"
93,ap4m1:p.R429fs,AP4M1,"pvs1, pm2"
94,ap4m1:p.R441X,AP4M1,"pvs1, pm2"
95,ap4m1:p.V174fs,AP4M1,"pvs1, pm2, pp1"
96,ap4m1:p.Y65fs,AP4M1,"pvs1, pm2, pp1, ppc"
97,ap4m1:rs13309,AP4M1,"bs1, ba1"
98,ap4m1:rs1534310,AP4M1,"bs1, ba1"
99,ap4m1:rs2293479,AP4M1,"bs1, ba1"
100,ap4m1:rs4729577,AP4M1,"bs1, ba1"
101,ap4m1:rs999885,AP4M1,"bs1, ba1"
