,variant_id,gene_symbol,variant_desc
87,ap4m1:p.C319R,AP4M1,p.C319R
88,ap4m1:p.E193K,AP4M1,p.E193K
89,ap4m1:p.G63G,AP4M1,p.G63G
90,ap4m1:p.R306X,AP4M1,p.R306X
91,ap4m1:p.R318X,AP4M1,p.R318X
92,ap4m1:p.R338X,AP4M1,p.R338X
93,ap4m1:p.R429fs,AP4M1,p.R429fs
94,ap4m1:p.R441X,AP4M1,p.R441X
95,ap4m1:p.V174fs,AP4M1,p.V174fs
96,ap4m1:p.Y65fs,AP4M1,p.Y65fs
97,ap4m1:rs13309,AP4M1,rs13309
98,ap4m1:rs1534310,AP4M1,rs1534310
99,ap4m1:rs2293479,AP4M1,rs2293479
100,ap4m1:rs4729577,AP4M1,rs4729577
101,ap4m1:rs999885,AP4M1,rs999885
